Timestamp,CT_Name,CT_CP,CT_IT,CT_OT,CT_RU,,CT_CP_no_unit,CT_IT_no_unit,CT_OT_no_unit,CT_RU_no_unit,,CT_CP_unit,CT_IT_unit,CT_OT_unit,CT_RU_unit
2024-01-01 00:00:00,CT101,130.89 m3/hr,74.44 °C,28.64 °C,,,130.89,74.44,28.64,,, m3/hr, °C, °C,
2024-01-01 00:01:00,CT101,139.84 m3/hr,63.51 °C,25.54 °C,,,139.84,63.51,25.54,,,,,,
2024-01-01 00:02:00,CT101,138.23 m3/hr,64.46 °C,29.49 °C,,,138.23,64.46,29.49,,,,,,
2024-01-01 00:03:00,CT101,133.15 m3/hr,76.49 °C,25.67 °C,,,133.15,76.49,25.67,,,,,,
2024-01-01 00:04:00,CT101,139.32 m3/hr,61.71 °C,25.82 °C,,,139.32,61.71,25.82,,,,,,
2024-01-01 00:05:00,CT101,137.87 m3/hr,64.34 °C,37.74 °C,,,137.87,64.34,37.74,,,,,,
2024-01-01 00:06:00,CT101,131.5 m3/hr,57.01 °C,36.84 °C,,,131.50,57.01,36.84,,,,,,
2024-01-01 00:07:00,CT101,131.37 m3/hr,67.67 °C,26.17 °C,,,131.37,67.67,26.17,,,,,,
2024-01-01 00:08:00,CT101,139.17 m3/hr,59.78 °C,33.79 °C,,,139.17,59.78,33.79,,,,,,
2024-01-01 00:09:00,CT101,147.26 m3/hr,69.45 °C,30.5 °C,,,147.26,69.45,30.50,,,,,,
2024-01-01 00:10:00,CT101,144.96 m3/hr,64.45 °C,29.63 °C,,,144.96,64.45,29.63,,,,,,
2024-01-01 00:11:00,CT101,143.7 m3/hr,69.47 °C,27.64 °C,,,143.70,69.47,27.64,,,,,,
2024-01-01 00:12:00,CT101,139.49 m3/hr,52.4 °C,30.11 °C,,,139.49,52.40,30.11,,,,,,
2024-01-01 00:13:00,CT101,131.44 m3/hr,64.86 °C,25.6 °C,,,131.44,64.86,25.60,,,,,,
2024-01-01 00:14:00,CT101,140.8 m3/hr,63.96 °C,27.63 °C,,,140.80,63.96,27.63,,,,,,
2024-01-01 00:15:00,CT101,135.3 m3/hr,79.89 °C,34.57 °C,,,135.30,79.89,34.57,,,,,,
2024-01-01 00:16:00,CT101,139.34 m3/hr,48.89 °C,33.66 °C,,,139.34,48.89,33.66,,,,,,
2024-01-01 00:17:00,CT101,143.98 m3/hr,68.94 °C,35.05 °C,,,143.98,68.94,35.05,,,,,,
2024-01-01 00:18:00,CT101,148.84 m3/hr,72.62 °C,27.35 °C,,,148.84,72.62,27.35,,,,,,
2024-01-01 00:19:00,CT101,137.64 m3/hr,49.58 °C,32.06 °C,,,137.64,49.58,32.06,,,,,,
2024-01-01 00:20:00,CT101,140.4 m3/hr,77.24 °C,31.88 °C,,,140.40,77.24,31.88,,,,,,
2024-01-01 00:21:00,CT101,137.06 m3/hr,61.02 °C,38.62 °C,,,137.06,61.02,38.62,,,,,,
2024-01-01 00:22:00,CT101,132.17 m3/hr,66.17 °C,25.95 °C,,,132.17,66.17,25.95,,,,,,
2024-01-01 00:23:00,CT101,138.72 m3/hr,70.9 °C,25.58 °C,,,138.72,70.90,25.58,,,,,,
2024-01-01 00:24:00,CT101,148.76 m3/hr,47.99 °C,33.21 °C,,,148.76,47.99,33.21,,,,,,
2024-01-01 00:25:00,CT101,140.71 m3/hr,55.35 °C,38.22 °C,,,140.71,55.35,38.22,,,,,,
2024-01-01 00:26:00,CT101,138.26 m3/hr,73.98 °C,27.15 °C,,,138.26,73.98,27.15,,,,,,
2024-01-01 00:27:00,CT101,145.08 m3/hr,56.32 °C,26.81 °C,,,145.08,56.32,26.81,,,,,,
2024-01-01 00:28:00,CT101,136.42 m3/hr,70.34 °C,32.51 °C,,,136.42,70.34,32.51,,,,,,
2024-01-01 00:29:00,CT101,136.39 m3/hr,69.14 °C,34.75 °C,,,136.39,69.14,34.75,,,,,,
2024-01-01 00:30:00,CT101,136.63 m3/hr,49.05 °C,31.65 °C,,,136.63,49.05,31.65,,,,,,
2024-01-01 00:31:00,CT101,137.3 m3/hr,74.9 °C,25.63 °C,,,137.30,74.90,25.63,,,,,,
2024-01-01 00:32:00,CT101,139.41 m3/hr,73.85 °C,26.97 °C,,,139.41,73.85,26.97,,,,,,
2024-01-01 00:33:00,CT101,141.19 m3/hr,75.71 °C,37.45 °C,,,141.19,75.71,37.45,,,,,,
2024-01-01 00:34:00,CT101,142.16 m3/hr,55.37 °C,34 °C,,,142.16,55.37,34.00,,,,,,
2024-01-01 00:35:00,CT101,137.22 m3/hr,59.35 °C,28.89 °C,,,137.22,59.35,28.89,,,,,,
2024-01-01 00:36:00,CT101,146.36 m3/hr,56.82 °C,32.11 °C,,,146.36,56.82,32.11,,,,,,
2024-01-01 00:37:00,CT101,139.42 m3/hr,57.76 °C,36.74 °C,,,139.42,57.76,36.74,,,,,,
2024-01-01 00:38:00,CT101,143.82 m3/hr,79.75 °C,31.51 °C,,,143.82,79.75,31.51,,,,,,
2024-01-01 00:39:00,CT101,139.73 m3/hr,75.64 °C,31.14 °C,,,139.73,75.64,31.14,,,,,,
2024-01-01 00:40:00,CT101,137.79 m3/hr,72.34 °C,27.48 °C,,,137.79,72.34,27.48,,,,,,
2024-01-01 00:41:00,CT101,136.43 m3/hr,50.68 °C,28.4 °C,,,136.43,50.68,28.40,,,,,,
2024-01-01 00:42:00,CT101,144.44 m3/hr,51.97 °C,30.07 °C,,,144.44,51.97,30.07,,,,,,
2024-01-01 00:43:00,CT101,135.71 m3/hr,71.47 °C,30.62 °C,,,135.71,71.47,30.62,,,,,,
2024-01-01 00:44:00,CT101,138.33 m3/hr,62.05 °C,27.97 °C,,,138.33,62.05,27.97,,,,,,
2024-01-01 00:45:00,CT101,144.35 m3/hr,66.66 °C,24.8 °C,,,144.35,66.66,24.80,,,,,,
2024-01-01 00:46:00,CT101,132.76 m3/hr,61.93 °C,35.17 °C,,,132.76,61.93,35.17,,,,,,
2024-01-01 00:47:00,CT101,135.96 m3/hr,67.92 °C,30.29 °C,,,135.96,67.92,30.29,,,,,,
2024-01-01 00:48:00,CT101,134.24 m3/hr,49.36 °C,26.41 °C,,,134.24,49.36,26.41,,,,,,
2024-01-01 00:49:00,CT101,144.94 m3/hr,51.75 °C,38.15 °C,,,144.94,51.75,38.15,,,,,,
2024-01-01 00:50:00,CT101,144.95 m3/hr,60.64 °C,29.98 °C,,,144.95,60.64,29.98,,,,,,
2024-01-01 00:51:00,CT101,139.11 m3/hr,71.72 °C,28.99 °C,,,139.11,71.72,28.99,,,,,,
2024-01-01 00:52:00,CT101,147.74 m3/hr,54.55 °C,34.48 °C,,,147.74,54.55,34.48,,,,,,
2024-01-01 00:53:00,CT101,138.19 m3/hr,73.47 °C,30.58 °C,,,138.19,73.47,30.58,,,,,,
2024-01-01 00:54:00,CT101,132.22 m3/hr,76.26 °C,25.93 °C,,,132.22,76.26,25.93,,,,,,
2024-01-01 00:55:00,CT101,141.13 m3/hr,58.09 °C,26.75 °C,,,141.13,58.09,26.75,,,,,,
2024-01-01 00:56:00,CT101,147.51 m3/hr,67.32 °C,32.92 °C,,,147.51,67.32,32.92,,,,,,
2024-01-01 00:57:00,CT101,142.05 m3/hr,52.49 °C,37.41 °C,,,142.05,52.49,37.41,,,,,,
2024-01-01 00:58:00,CT101,148.84 m3/hr,78.59 °C,34.18 °C,,,148.84,78.59,34.18,,,,,,
2024-01-01 00:59:00,CT101,142.68 m3/hr,57.9 °C,25.44 °C,,,142.68,57.90,25.44,,,,,,
2024-01-01 01:00:00,CT101,148.08 m3/hr,72.96 °C,38.42 °C,,,148.08,72.96,38.42,,,,,,
2024-01-01 01:01:00,CT101,144.73 m3/hr,74.32 °C,32.14 °C,,,144.73,74.32,32.14,,,,,,
2024-01-01 01:02:00,CT101,142.72 m3/hr,56.71 °C,29.84 °C,,,142.72,56.71,29.84,,,,,,
2024-01-01 01:03:00,CT101,147.57 m3/hr,72.09 °C,37.15 °C,,,147.57,72.09,37.15,,,,,,
2024-01-01 01:04:00,CT101,130.26 m3/hr,74.8 °C,37.93 °C,,,130.26,74.80,37.93,,,,,,
2024-01-01 01:05:00,CT101,144.03 m3/hr,49.1 °C,30.2 °C,,,144.03,49.10,30.20,,,,,,
2024-01-01 01:06:00,CT101,136.95 m3/hr,59.01 °C,33.28 °C,,,136.95,59.01,33.28,,,,,,
2024-01-01 01:07:00,CT101,133.8 m3/hr,46.52 °C,37.31 °C,,,133.80,46.52,37.31,,,,,,
2024-01-01 01:08:00,CT101,132.3 m3/hr,50 °C,32.6 °C,,,132.30,50.00,32.60,,,,,,
2024-01-01 01:09:00,CT101,141.73 m3/hr,70.79 °C,32.92 °C,,,141.73,70.79,32.92,,,,,,
2024-01-01 01:10:00,CT101,136.48 m3/hr,77.36 °C,30.91 °C,,,136.48,77.36,30.91,,,,,,
2024-01-01 01:11:00,CT101,144.9 m3/hr,78.42 °C,37.59 °C,,,144.90,78.42,37.59,,,,,,
2024-01-01 01:12:00,CT101,147 m3/hr,55.78 °C,26.19 °C,,,147.00,55.78,26.19,,,,,,
2024-01-01 01:13:00,CT101,147.64 m3/hr,60.02 °C,38.95 °C,,,147.64,60.02,38.95,,,,,,
2024-01-01 01:14:00,CT101,131.65 m3/hr,59.32 °C,25.51 °C,,,131.65,59.32,25.51,,,,,,
2024-01-01 01:15:00,CT101,140.02 m3/hr,50.56 °C,30.59 °C,,,140.02,50.56,30.59,,,,,,
2024-01-01 01:16:00,CT101,144.87 m3/hr,79.13 °C,34.19 °C,,,144.87,79.13,34.19,,,,,,
2024-01-01 01:17:00,CT101,148.64 m3/hr,72.27 °C,36.95 °C,,,148.64,72.27,36.95,,,,,,
2024-01-01 01:18:00,CT101,147.58 m3/hr,50.73 °C,33.31 °C,,,147.58,50.73,33.31,,,,,,
2024-01-01 01:19:00,CT101,145.12 m3/hr,47.44 °C,33.59 °C,,,145.12,47.44,33.59,,,,,,
2024-01-01 01:20:00,CT101,139.63 m3/hr,75.06 °C,27.23 °C,,,139.63,75.06,27.23,,,,,,
2024-01-01 01:21:00,CT101,143.32 m3/hr,67.02 °C,36.23 °C,,,143.32,67.02,36.23,,,,,,
2024-01-01 01:22:00,CT101,135.14 m3/hr,50.46 °C,27.63 °C,,,135.14,50.46,27.63,,,,,,
2024-01-01 01:23:00,CT101,145.34 m3/hr,73.96 °C,32.69 °C,,,145.34,73.96,32.69,,,,,,
2024-01-01 01:24:00,CT101,142.69 m3/hr,75.54 °C,28.22 °C,,,142.69,75.54,28.22,,,,,,
2024-01-01 01:25:00,CT101,144.95 m3/hr,61.39 °C,25.93 °C,,,144.95,61.39,25.93,,,,,,
2024-01-01 01:26:00,CT101,146.42 m3/hr,61.29 °C,35.88 °C,,,146.42,61.29,35.88,,,,,,
2024-01-01 01:27:00,CT101,135.32 m3/hr,71.37 °C,26.21 °C,,,135.32,71.37,26.21,,,,,,
2024-01-01 01:28:00,CT101,139.43 m3/hr,77.15 °C,34.91 °C,,,139.43,77.15,34.91,,,,,,
2024-01-01 01:29:00,CT101,139.99 m3/hr,70.38 °C,28.29 °C,,,139.99,70.38,28.29,,,,,,
2024-01-01 01:30:00,CT101,140.22 m3/hr,54.09 °C,33.78 °C,,,140.22,54.09,33.78,,,,,,
2024-01-01 01:31:00,CT101,132.35 m3/hr,68.26 °C,27.4 °C,,,132.35,68.26,27.40,,,,,,
2024-01-01 01:32:00,CT101,137.64 m3/hr,70.31 °C,35.15 °C,,,137.64,70.31,35.15,,,,,,
2024-01-01 01:33:00,CT101,130.23 m3/hr,48.35 °C,32.72 °C,,,130.23,48.35,32.72,,,,,,
2024-01-01 01:34:00,CT101,138.19 m3/hr,50.13 °C,32.4 °C,,,138.19,50.13,32.40,,,,,,
2024-01-01 01:35:00,CT101,132.22 m3/hr,69.52 °C,26.21 °C,,,132.22,69.52,26.21,,,,,,
2024-01-01 01:36:00,CT101,136.28 m3/hr,52.25 °C,33.75 °C,,,136.28,52.25,33.75,,,,,,
2024-01-01 01:37:00,CT101,144.4 m3/hr,65.59 °C,34.39 °C,,,144.40,65.59,34.39,,,,,,
2024-01-01 01:38:00,CT101,133.01 m3/hr,59.05 °C,30.41 °C,,,133.01,59.05,30.41,,,,,,
2024-01-01 01:39:00,CT101,132.3 m3/hr,77.28 °C,33.35 °C,,,132.30,77.28,33.35,,,,,,
2024-01-01 01:40:00,CT101,147.37 m3/hr,72.39 °C,25.4 °C,,,147.37,72.39,25.40,,,,,,
2024-01-01 01:41:00,CT101,147.36 m3/hr,76.91 °C,34.59 °C,,,147.36,76.91,34.59,,,,,,
2024-01-01 01:42:00,CT101,131.7 m3/hr,57.67 °C,35.32 °C,,,131.70,57.67,35.32,,,,,,
2024-01-01 01:43:00,CT101,137.77 m3/hr,74.09 °C,31.66 °C,,,137.77,74.09,31.66,,,,,,
2024-01-01 01:44:00,CT101,131.56 m3/hr,69.74 °C,29.45 °C,,,131.56,69.74,29.45,,,,,,
2024-01-01 01:45:00,CT101,137.38 m3/hr,63.28 °C,24.33 °C,,,137.38,63.28,24.33,,,,,,
2024-01-01 01:46:00,CT101,145.1 m3/hr,60.87 °C,29.03 °C,,,145.10,60.87,29.03,,,,,,
2024-01-01 01:47:00,CT101,132.1 m3/hr,56.27 °C,35.54 °C,,,132.10,56.27,35.54,,,,,,
2024-01-01 01:48:00,CT101,131.51 m3/hr,74.16 °C,37.3 °C,,,131.51,74.16,37.30,,,,,,
2024-01-01 01:49:00,CT101,133.42 m3/hr,52.87 °C,38.02 °C,,,133.42,52.87,38.02,,,,,,
2024-01-01 01:50:00,CT101,143.1 m3/hr,63.1 °C,33.98 °C,,,143.10,63.10,33.98,,,,,,
2024-01-01 01:51:00,CT101,141.53 m3/hr,59.89 °C,38.1 °C,,,141.53,59.89,38.10,,,,,,
2024-01-01 01:52:00,CT101,145.76 m3/hr,61.71 °C,29.47 °C,,,145.76,61.71,29.47,,,,,,
2024-01-01 01:53:00,CT101,132.43 m3/hr,78.75 °C,30.88 °C,,,132.43,78.75,30.88,,,,,,
2024-01-01 01:54:00,CT101,132.19 m3/hr,66.75 °C,37.48 °C,,,132.19,66.75,37.48,,,,,,
2024-01-01 01:55:00,CT101,148.07 m3/hr,50.46 °C,28.67 °C,,,148.07,50.46,28.67,,,,,,
2024-01-01 01:56:00,CT101,133.51 m3/hr,70.31 °C,33.88 °C,,,133.51,70.31,33.88,,,,,,
2024-01-01 01:57:00,CT101,132.4 m3/hr,56.72 °C,26.12 °C,,,132.40,56.72,26.12,,,,,,
2024-01-01 01:58:00,CT101,137.2 m3/hr,66.59 °C,27.51 °C,,,137.20,66.59,27.51,,,,,,
2024-01-01 01:59:00,CT101,130.56 m3/hr,58.52 °C,34.35 °C,,,130.56,58.52,34.35,,,,,,
2024-01-01 02:00:00,CT101,146.96 m3/hr,63.86 °C,28.15 °C,,,146.96,63.86,28.15,,,,,,
2024-01-01 02:01:00,CT101,140.49 m3/hr,59.72 °C,26.93 °C,,,140.49,59.72,26.93,,,,,,
2024-01-01 02:02:00,CT101,145.13 m3/hr,52.85 °C,29.07 °C,,,145.13,52.85,29.07,,,,,,
2024-01-01 02:03:00,CT101,134.69 m3/hr,66.41 °C,29.54 °C,,,134.69,66.41,29.54,,,,,,
2024-01-01 02:04:00,CT101,130.84 m3/hr,70.67 °C,27.33 °C,,,130.84,70.67,27.33,,,,,,
2024-01-01 02:05:00,CT101,135.6 m3/hr,76.51 °C,27.88 °C,,,135.60,76.51,27.88,,,,,,
2024-01-01 02:06:00,CT101,137.34 m3/hr,47.99 °C,35.92 °C,,,137.34,47.99,35.92,,,,,,
2024-01-01 02:07:00,CT101,147.98 m3/hr,47.41 °C,30.53 °C,,,147.98,47.41,30.53,,,,,,
2024-01-01 02:08:00,CT101,136.65 m3/hr,65.51 °C,25.08 °C,,,136.65,65.51,25.08,,,,,,
2024-01-01 02:09:00,CT101,135.91 m3/hr,69.86 °C,31.5 °C,,,135.91,69.86,31.50,,,,,,
2024-01-01 02:10:00,CT101,142.96 m3/hr,73.2 °C,32.58 °C,,,142.96,73.20,32.58,,,,,,
2024-01-01 02:11:00,CT101,142.84 m3/hr,66.05 °C,24.64 °C,,,142.84,66.05,24.64,,,,,,
2024-01-01 02:12:00,CT101,146.12 m3/hr,61.95 °C,29.19 °C,,,146.12,61.95,29.19,,,,,,
2024-01-01 02:13:00,CT101,131.39 m3/hr,77.31 °C,32.73 °C,,,131.39,77.31,32.73,,,,,,
2024-01-01 02:14:00,CT101,131.2 m3/hr,56.92 °C,27.12 °C,,,131.20,56.92,27.12,,,,,,
2024-01-01 02:15:00,CT101,142.44 m3/hr,64.96 °C,33.88 °C,,,142.44,64.96,33.88,,,,,,
2024-01-01 02:16:00,CT101,140.45 m3/hr,56.86 °C,33.68 °C,,,140.45,56.86,33.68,,,,,,
2024-01-01 02:17:00,CT101,141.84 m3/hr,67.6 °C,27.06 °C,,,141.84,67.60,27.06,,,,,,
2024-01-01 02:18:00,CT101,132.29 m3/hr,48.14 °C,35.19 °C,,,132.29,48.14,35.19,,,,,,
2024-01-01 02:19:00,CT101,139.21 m3/hr,79.86 °C,32.64 °C,,,139.21,79.86,32.64,,,,,,
2024-01-01 02:20:00,CT101,131.44 m3/hr,51.72 °C,32.57 °C,,,131.44,51.72,32.57,,,,,,
2024-01-01 02:21:00,CT101,133.75 m3/hr,74.54 °C,32.34 °C,,,133.75,74.54,32.34,,,,,,
2024-01-01 02:22:00,CT101,145.82 m3/hr,51.16 °C,30.75 °C,,,145.82,51.16,30.75,,,,,,
2024-01-01 02:23:00,CT101,134.33 m3/hr,59.49 °C,26.43 °C,,,134.33,59.49,26.43,,,,,,
2024-01-01 02:24:00,CT101,140.9 m3/hr,54.32 °C,25.93 °C,,,140.90,54.32,25.93,,,,,,
2024-01-01 02:25:00,CT101,140.67 m3/hr,56.71 °C,24.72 °C,,,140.67,56.71,24.72,,,,,,
2024-01-01 02:26:00,CT101,144.21 m3/hr,60.6 °C,38.69 °C,,,144.21,60.60,38.69,,,,,,
2024-01-01 02:27:00,CT101,138.86 m3/hr,70.1 °C,30.56 °C,,,138.86,70.10,30.56,,,,,,
2024-01-01 02:28:00,CT101,131.08 m3/hr,64.88 °C,26.87 °C,,,131.08,64.88,26.87,,,,,,
2024-01-01 02:29:00,CT101,134.67 m3/hr,56.49 °C,25.36 °C,,,134.67,56.49,25.36,,,,,,
2024-01-01 02:30:00,CT101,147.86 m3/hr,60.99 °C,24.24 °C,,,147.86,60.99,24.24,,,,,,
2024-01-01 02:31:00,CT101,146.18 m3/hr,76.08 °C,32.57 °C,,,146.18,76.08,32.57,,,,,,
2024-01-01 02:32:00,CT101,146.2 m3/hr,63.09 °C,33.03 °C,,,146.20,63.09,33.03,,,,,,
2024-01-01 02:33:00,CT101,146.23 m3/hr,67.38 °C,32.22 °C,,,146.23,67.38,32.22,,,,,,
2024-01-01 02:34:00,CT101,134.59 m3/hr,59.04 °C,28.59 °C,,,134.59,59.04,28.59,,,,,,
2024-01-01 02:35:00,CT101,148.13 m3/hr,67.48 °C,35.68 °C,,,148.13,67.48,35.68,,,,,,
2024-01-01 02:36:00,CT101,130.25 m3/hr,72.78 °C,33.94 °C,,,130.25,72.78,33.94,,,,,,
2024-01-01 02:37:00,CT101,139.47 m3/hr,52.21 °C,34.74 °C,,,139.47,52.21,34.74,,,,,,
2024-01-01 02:38:00,CT101,132.76 m3/hr,75.67 °C,34.39 °C,,,132.76,75.67,34.39,,,,,,
2024-01-01 02:39:00,CT101,147.73 m3/hr,68.06 °C,38.24 °C,,,147.73,68.06,38.24,,,,,,
2024-01-01 02:40:00,CT101,137.66 m3/hr,46.72 °C,25.29 °C,,,137.66,46.72,25.29,,,,,,
2024-01-01 02:41:00,CT101,133.73 m3/hr,47 °C,28.85 °C,,,133.73,47.00,28.85,,,,,,
2024-01-01 02:42:00,CT101,145.26 m3/hr,50.56 °C,38.97 °C,,,145.26,50.56,38.97,,,,,,
2024-01-01 02:43:00,CT101,142.42 m3/hr,59.18 °C,24.51 °C,,,142.42,59.18,24.51,,,,,,
2024-01-01 02:44:00,CT101,142.52 m3/hr,48.26 °C,38.5 °C,,,142.52,48.26,38.50,,,,,,
2024-01-01 02:45:00,CT101,144.45 m3/hr,71.26 °C,25.79 °C,,,144.45,71.26,25.79,,,,,,
2024-01-01 02:46:00,CT101,144.43 m3/hr,76.49 °C,32.27 °C,,,144.43,76.49,32.27,,,,,,
2024-01-01 02:47:00,CT101,137.8 m3/hr,56.23 °C,37.04 °C,,,137.80,56.23,37.04,,,,,,
2024-01-01 02:48:00,CT101,137.16 m3/hr,49.83 °C,38.48 °C,,,137.16,49.83,38.48,,,,,,
2024-01-01 02:49:00,CT101,135.86 m3/hr,54.65 °C,24.67 °C,,,135.86,54.65,24.67,,,,,,
2024-01-01 02:50:00,CT101,137.71 m3/hr,73.79 °C,35.13 °C,,,137.71,73.79,35.13,,,,,,
2024-01-01 02:51:00,CT101,136.45 m3/hr,66.74 °C,33.48 °C,,,136.45,66.74,33.48,,,,,,
2024-01-01 02:52:00,CT101,143.22 m3/hr,75.84 °C,34.38 °C,,,143.22,75.84,34.38,,,,,,
2024-01-01 02:53:00,CT101,130.51 m3/hr,58.36 °C,37.06 °C,,,130.51,58.36,37.06,,,,,,
2024-01-01 02:54:00,CT101,142.59 m3/hr,71.7 °C,27.53 °C,,,142.59,71.70,27.53,,,,,,
2024-01-01 02:55:00,CT101,147.52 m3/hr,75.49 °C,32.67 °C,,,147.52,75.49,32.67,,,,,,
2024-01-01 02:56:00,CT101,147.04 m3/hr,50.89 °C,27.5 °C,,,147.04,50.89,27.50,,,,,,
2024-01-01 02:57:00,CT101,134.42 m3/hr,73.3 °C,30.69 °C,,,134.42,73.30,30.69,,,,,,
2024-01-01 02:58:00,CT101,131.1 m3/hr,66.09 °C,29.62 °C,,,131.10,66.09,29.62,,,,,,
2024-01-01 02:59:00,CT101,144.09 m3/hr,78.51 °C,24.98 °C,,,144.09,78.51,24.98,,,,,,
2024-01-01 03:00:00,CT101,144.92 m3/hr,47.21 °C,36.86 °C,,,144.92,47.21,36.86,,,,,,
2024-01-01 03:01:00,CT101,131.79 m3/hr,48.45 °C,29.71 °C,,,131.79,48.45,29.71,,,,,,
2024-01-01 03:02:00,CT101,133.79 m3/hr,64.71 °C,37.14 °C,,,133.79,64.71,37.14,,,,,,
2024-01-01 03:03:00,CT101,144.94 m3/hr,71.13 °C,25.45 °C,,,144.94,71.13,25.45,,,,,,
2024-01-01 03:04:00,CT101,137.06 m3/hr,48.02 °C,27.18 °C,,,137.06,48.02,27.18,,,,,,
2024-01-01 03:05:00,CT101,141.39 m3/hr,54.77 °C,24.92 °C,,,141.39,54.77,24.92,,,,,,
2024-01-01 03:06:00,CT101,141.75 m3/hr,53.91 °C,25.79 °C,,,141.75,53.91,25.79,,,,,,
2024-01-01 03:07:00,CT101,132.88 m3/hr,54.34 °C,36.14 °C,,,132.88,54.34,36.14,,,,,,
2024-01-01 03:08:00,CT101,145.69 m3/hr,78.43 °C,35.14 °C,,,145.69,78.43,35.14,,,,,,
2024-01-01 03:09:00,CT101,139.16 m3/hr,70.3 °C,30.04 °C,,,139.16,70.30,30.04,,,,,,
2024-01-01 03:10:00,CT101,131.94 m3/hr,65.83 °C,27.22 °C,,,131.94,65.83,27.22,,,,,,
2024-01-01 03:11:00,CT101,147.94 m3/hr,51.31 °C,29.75 °C,,,147.94,51.31,29.75,,,,,,
2024-01-01 03:12:00,CT101,144.37 m3/hr,73.78 °C,33.38 °C,,,144.37,73.78,33.38,,,,,,
2024-01-01 03:13:00,CT101,146.34 m3/hr,72.54 °C,33.29 °C,,,146.34,72.54,33.29,,,,,,
2024-01-01 03:14:00,CT101,147.53 m3/hr,49.5 °C,32.36 °C,,,147.53,49.50,32.36,,,,,,
2024-01-01 03:15:00,CT101,140.72 m3/hr,58.19 °C,36.28 °C,,,140.72,58.19,36.28,,,,,,
2024-01-01 03:16:00,CT101,141.76 m3/hr,73.8 °C,27.79 °C,,,141.76,73.80,27.79,,,,,,
2024-01-01 03:17:00,CT101,135.36 m3/hr,69.05 °C,33.2 °C,,,135.36,69.05,33.20,,,,,,
2024-01-01 03:18:00,CT101,145.69 m3/hr,62.05 °C,35.55 °C,,,145.69,62.05,35.55,,,,,,
2024-01-01 03:19:00,CT101,135.82 m3/hr,62.96 °C,37.77 °C,,,135.82,62.96,37.77,,,,,,
2024-01-01 03:20:00,CT101,138.74 m3/hr,47.02 °C,26.85 °C,,,138.74,47.02,26.85,,,,,,
2024-01-01 03:21:00,CT101,143.62 m3/hr,58.37 °C,28.07 °C,,,143.62,58.37,28.07,,,,,,
2024-01-01 03:22:00,CT101,134.61 m3/hr,66.07 °C,35.41 °C,,,134.61,66.07,35.41,,,,,,
2024-01-01 03:23:00,CT101,137.53 m3/hr,73.29 °C,32.94 °C,,,137.53,73.29,32.94,,,,,,
2024-01-01 03:24:00,CT101,134.95 m3/hr,65.88 °C,32.59 °C,,,134.95,65.88,32.59,,,,,,
2024-01-01 03:25:00,CT101,145.09 m3/hr,58.89 °C,25.4 °C,,,145.09,58.89,25.40,,,,,,
2024-01-01 03:26:00,CT101,148.11 m3/hr,72.02 °C,25.96 °C,,,148.11,72.02,25.96,,,,,,
2024-01-01 03:27:00,CT101,133.25 m3/hr,76.81 °C,28.75 °C,,,133.25,76.81,28.75,,,,,,
2024-01-01 03:28:00,CT101,146.38 m3/hr,58.61 °C,25.49 °C,,,146.38,58.61,25.49,,,,,,
2024-01-01 03:29:00,CT101,134.63 m3/hr,68.87 °C,25.17 °C,,,134.63,68.87,25.17,,,,,,
2024-01-01 03:30:00,CT101,136.7 m3/hr,59.47 °C,28.83 °C,,,136.70,59.47,28.83,,,,,,
2024-01-01 03:31:00,CT101,131.66 m3/hr,48.54 °C,25.16 °C,,,131.66,48.54,25.16,,,,,,
2024-01-01 03:32:00,CT101,145.8 m3/hr,79.73 °C,26.27 °C,,,145.80,79.73,26.27,,,,,,
2024-01-01 03:33:00,CT101,131.26 m3/hr,79.27 °C,35.07 °C,,,131.26,79.27,35.07,,,,,,
2024-01-01 03:34:00,CT101,140.38 m3/hr,47.8 °C,34.47 °C,,,140.38,47.80,34.47,,,,,,
2024-01-01 03:35:00,CT101,142.3 m3/hr,79.65 °C,36.75 °C,,,142.30,79.65,36.75,,,,,,
2024-01-01 03:36:00,CT101,142.14 m3/hr,64.22 °C,24.95 °C,,,142.14,64.22,24.95,,,,,,
2024-01-01 03:37:00,CT101,138.23 m3/hr,64.92 °C,30.4 °C,,,138.23,64.92,30.40,,,,,,
2024-01-01 03:38:00,CT101,143.58 m3/hr,55.5 °C,27.21 °C,,,143.58,55.50,27.21,,,,,,
2024-01-01 03:39:00,CT101,132.55 m3/hr,53.74 °C,36.08 °C,,,132.55,53.74,36.08,,,,,,
2024-01-01 03:40:00,CT101,134.31 m3/hr,79.67 °C,27.94 °C,,,134.31,79.67,27.94,,,,,,
2024-01-01 03:41:00,CT101,143.19 m3/hr,46.83 °C,37.75 °C,,,143.19,46.83,37.75,,,,,,
2024-01-01 03:42:00,CT101,141.6 m3/hr,73.47 °C,31.07 °C,,,141.60,73.47,31.07,,,,,,
2024-01-01 03:43:00,CT101,134.7 m3/hr,68.48 °C,38.48 °C,,,134.70,68.48,38.48,,,,,,
2024-01-01 03:44:00,CT101,136.91 m3/hr,73.86 °C,35.72 °C,,,136.91,73.86,35.72,,,,,,
2024-01-01 03:45:00,CT101,133.02 m3/hr,65.12 °C,28.67 °C,,,133.02,65.12,28.67,,,,,,
2024-01-01 03:46:00,CT101,140.59 m3/hr,50.04 °C,34.56 °C,,,140.59,50.04,34.56,,,,,,
2024-01-01 03:47:00,CT101,136.74 m3/hr,55.52 °C,26.2 °C,,,136.74,55.52,26.20,,,,,,
2024-01-01 03:48:00,CT101,133.82 m3/hr,55.7 °C,34.21 °C,,,133.82,55.70,34.21,,,,,,
2024-01-01 03:49:00,CT101,139.63 m3/hr,79.39 °C,37.72 °C,,,139.63,79.39,37.72,,,,,,
2024-01-01 03:50:00,CT101,130.88 m3/hr,61.25 °C,34.56 °C,,,130.88,61.25,34.56,,,,,,
2024-01-01 03:51:00,CT101,131.65 m3/hr,57.73 °C,26.89 °C,,,131.65,57.73,26.89,,,,,,
2024-01-01 03:52:00,CT101,131.53 m3/hr,66.55 °C,24.07 °C,,,131.53,66.55,24.07,,,,,,
2024-01-01 03:53:00,CT101,145.04 m3/hr,47.22 °C,33.73 °C,,,145.04,47.22,33.73,,,,,,
2024-01-01 03:54:00,CT101,146.51 m3/hr,59.89 °C,35.54 °C,,,146.51,59.89,35.54,,,,,,
2024-01-01 03:55:00,CT101,138.33 m3/hr,58.29 °C,31.97 °C,,,138.33,58.29,31.97,,,,,,
2024-01-01 03:56:00,CT101,148.31 m3/hr,76.98 °C,27.43 °C,,,148.31,76.98,27.43,,,,,,
2024-01-01 03:57:00,CT101,148.74 m3/hr,75.25 °C,38.66 °C,,,148.74,75.25,38.66,,,,,,
2024-01-01 03:58:00,CT101,144.15 m3/hr,58.19 °C,31.59 °C,,,144.15,58.19,31.59,,,,,,
2024-01-01 03:59:00,CT101,136.84 m3/hr,49.28 °C,24.42 °C,,,136.84,49.28,24.42,,,,,,
2024-01-01 04:00:00,CT101,145.52 m3/hr,56.6 °C,32.69 °C,,,145.52,56.60,32.69,,,,,,
2024-01-01 04:01:00,CT101,148.2 m3/hr,67.62 °C,24.78 °C,,,148.20,67.62,24.78,,,,,,
2024-01-01 04:02:00,CT101,140.79 m3/hr,64.73 °C,34.9 °C,,,140.79,64.73,34.90,,,,,,
2024-01-01 04:03:00,CT101,131.49 m3/hr,71.29 °C,38.34 °C,,,131.49,71.29,38.34,,,,,,
2024-01-01 04:04:00,CT101,147.21 m3/hr,46.37 °C,27.4 °C,,,147.21,46.37,27.40,,,,,,
2024-01-01 04:05:00,CT101,140.39 m3/hr,59.21 °C,38.82 °C,,,140.39,59.21,38.82,,,,,,
2024-01-01 04:06:00,CT101,143.66 m3/hr,75.06 °C,35.05 °C,,,143.66,75.06,35.05,,,,,,
2024-01-01 04:07:00,CT101,130.33 m3/hr,59.33 °C,34.12 °C,,,130.33,59.33,34.12,,,,,,
2024-01-01 04:08:00,CT101,134.43 m3/hr,66.98 °C,25.72 °C,,,134.43,66.98,25.72,,,,,,
2024-01-01 04:09:00,CT101,133.37 m3/hr,57.9 °C,35.17 °C,,,133.37,57.90,35.17,,,,,,
2024-01-01 04:10:00,CT101,137.21 m3/hr,64.93 °C,24.42 °C,,,137.21,64.93,24.42,,,,,,
2024-01-01 04:11:00,CT101,134.61 m3/hr,50.97 °C,27.54 °C,,,134.61,50.97,27.54,,,,,,
2024-01-01 04:12:00,CT101,135.51 m3/hr,54.43 °C,25.51 °C,,,135.51,54.43,25.51,,,,,,
2024-01-01 04:13:00,CT101,130.59 m3/hr,61.38 °C,25.42 °C,,,130.59,61.38,25.42,,,,,,
2024-01-01 04:14:00,CT101,137.83 m3/hr,57.46 °C,35.38 °C,,,137.83,57.46,35.38,,,,,,
2024-01-01 04:15:00,CT101,145.71 m3/hr,66.82 °C,35.21 °C,,,145.71,66.82,35.21,,,,,,
2024-01-01 04:16:00,CT101,146.6 m3/hr,79.32 °C,26.49 °C,,,146.60,79.32,26.49,,,,,,
2024-01-01 04:17:00,CT101,137.05 m3/hr,57.57 °C,32.04 °C,,,137.05,57.57,32.04,,,,,,
2024-01-01 04:18:00,CT101,133.33 m3/hr,46.68 °C,30.52 °C,,,133.33,46.68,30.52,,,,,,
2024-01-01 04:19:00,CT101,137.12 m3/hr,78.81 °C,35.26 °C,,,137.12,78.81,35.26,,,,,,
2024-01-01 04:20:00,CT101,148.78 m3/hr,64.04 °C,34.21 °C,,,148.78,64.04,34.21,,,,,,
2024-01-01 04:21:00,CT101,130.67 m3/hr,71.35 °C,36.46 °C,,,130.67,71.35,36.46,,,,,,
2024-01-01 04:22:00,CT101,141.03 m3/hr,49.92 °C,37.39 °C,,,141.03,49.92,37.39,,,,,,
2024-01-01 04:23:00,CT101,134.45 m3/hr,62.67 °C,28.5 °C,,,134.45,62.67,28.50,,,,,,
2024-01-01 04:24:00,CT101,143.75 m3/hr,72.86 °C,25.35 °C,,,143.75,72.86,25.35,,,,,,
2024-01-01 04:25:00,CT101,138.96 m3/hr,52.87 °C,24.54 °C,,,138.96,52.87,24.54,,,,,,
2024-01-01 04:26:00,CT101,145.44 m3/hr,62.26 °C,24.33 °C,,,145.44,62.26,24.33,,,,,,
2024-01-01 04:27:00,CT101,141.18 m3/hr,56.8 °C,33.95 °C,,,141.18,56.80,33.95,,,,,,
2024-01-01 04:28:00,CT101,141.32 m3/hr,78.91 °C,38.33 °C,,,141.32,78.91,38.33,,,,,,
2024-01-01 04:29:00,CT101,147.74 m3/hr,74.65 °C,31.93 °C,,,147.74,74.65,31.93,,,,,,
2024-01-01 04:30:00,CT101,137.58 m3/hr,67.92 °C,33.81 °C,,,137.58,67.92,33.81,,,,,,
2024-01-01 04:31:00,CT101,143.47 m3/hr,47.32 °C,36.02 °C,,,143.47,47.32,36.02,,,,,,
2024-01-01 04:32:00,CT101,130.45 m3/hr,69.08 °C,38.23 °C,,,130.45,69.08,38.23,,,,,,
2024-01-01 04:33:00,CT101,142.08 m3/hr,61.89 °C,31.99 °C,,,142.08,61.89,31.99,,,,,,
2024-01-01 04:34:00,CT101,143.77 m3/hr,63.75 °C,34.88 °C,,,143.77,63.75,34.88,,,,,,
2024-01-01 04:35:00,CT101,132.72 m3/hr,47.63 °C,36.88 °C,,,132.72,47.63,36.88,,,,,,
2024-01-01 04:36:00,CT101,139.56 m3/hr,54.04 °C,28.42 °C,,,139.56,54.04,28.42,,,,,,
2024-01-01 04:37:00,CT101,143.43 m3/hr,51.24 °C,25.24 °C,,,143.43,51.24,25.24,,,,,,
2024-01-01 04:38:00,CT101,142.78 m3/hr,51.5 °C,25.4 °C,,,142.78,51.50,25.40,,,,,,
2024-01-01 04:39:00,CT101,139.38 m3/hr,70.87 °C,37.59 °C,,,139.38,70.87,37.59,,,,,,
2024-01-01 04:40:00,CT101,140.67 m3/hr,73.19 °C,25.87 °C,,,140.67,73.19,25.87,,,,,,
2024-01-01 04:41:00,CT101,144.88 m3/hr,60.8 °C,27.17 °C,,,144.88,60.80,27.17,,,,,,
2024-01-01 04:42:00,CT101,145.1 m3/hr,55.1 °C,29.74 °C,,,145.10,55.10,29.74,,,,,,
2024-01-01 04:43:00,CT101,144.5 m3/hr,48.95 °C,25.31 °C,,,144.50,48.95,25.31,,,,,,
2024-01-01 04:44:00,CT101,144.52 m3/hr,72.67 °C,30.36 °C,,,144.52,72.67,30.36,,,,,,
2024-01-01 04:45:00,CT101,147.88 m3/hr,61.82 °C,29.31 °C,,,147.88,61.82,29.31,,,,,,
2024-01-01 04:46:00,CT101,135.92 m3/hr,78.62 °C,36.63 °C,,,135.92,78.62,36.63,,,,,,
2024-01-01 04:47:00,CT101,147.81 m3/hr,78.46 °C,26.25 °C,,,147.81,78.46,26.25,,,,,,
2024-01-01 04:48:00,CT101,146.78 m3/hr,50.19 °C,31.93 °C,,,146.78,50.19,31.93,,,,,,
2024-01-01 04:49:00,CT101,138.77 m3/hr,68.5 °C,33.61 °C,,,138.77,68.50,33.61,,,,,,
2024-01-01 04:50:00,CT101,135.28 m3/hr,47.81 °C,31.21 °C,,,135.28,47.81,31.21,,,,,,
2024-01-01 04:51:00,CT101,141.25 m3/hr,73.66 °C,24.67 °C,,,141.25,73.66,24.67,,,,,,
2024-01-01 04:52:00,CT101,145.85 m3/hr,64.62 °C,33.83 °C,,,145.85,64.62,33.83,,,,,,
2024-01-01 04:53:00,CT101,141.74 m3/hr,46.76 °C,35.69 °C,,,141.74,46.76,35.69,,,,,,
2024-01-01 04:54:00,CT101,138.66 m3/hr,72.72 °C,34.17 °C,,,138.66,72.72,34.17,,,,,,
2024-01-01 04:55:00,CT101,145.91 m3/hr,46.04 °C,37.85 °C,,,145.91,46.04,37.85,,,,,,
2024-01-01 04:56:00,CT101,132.71 m3/hr,47.83 °C,32.24 °C,,,132.71,47.83,32.24,,,,,,
2024-01-01 04:57:00,CT101,135.1 m3/hr,69.47 °C,34.45 °C,,,135.10,69.47,34.45,,,,,,
2024-01-01 04:58:00,CT101,145.02 m3/hr,62.29 °C,24.95 °C,,,145.02,62.29,24.95,,,,,,